{
  "Ansi 6 Color" : {
    "Red Component" : 0.34054014086723328,
    "Color Space" : "Calibrated",
    "Blue Component" : 0.34128850698471069,
    "Alpha Component" : 1,
    "Green Component" : 0.55607825517654419
  },
  "Tags" : [

  ],
  "Ansi 12 Color" : {
    "Red Component" : 0.05438985675573349,
    "Color Space" : "Calibrated",
    "Blue Component" : 0.39446473121643066,
    "Alpha Component" : 1,
    "Green Component" : 0.3268389105796814
  },
  "Ansi 7 Color" : {
    "Red Component" : 0.40959125757217407,
    "Color Space" : "Calibrated",
    "Blue Component" : 0.31861674785614014,
    "Alpha Component" : 1,
    "Green Component" : 0.360250324010849
  },
  "Ansi 8 Color" : {
    "Red Component" : 0.49889594316482544,
    "Color Space" : "Calibrated",
    "Blue Component" : 0.37962067127227783,
    "Alpha Component" : 1,
    "Green Component" : 0.43934443593025208
  },
  "Bold Color" : {
    "Red Component" : 1,
    "Color Space" : "Calibrated",
    "Blue Component" : 1,
    "Alpha Component" : 1,
    "Green Component" : 1
  },
  "Ansi 9 Color" : {
    "Red Component" : 0.5389401912689209,
    "Color Space" : "Calibrated",
    "Blue Component" : 0.034902941435575485,
    "Alpha Component" : 1,
    "Green Component" : 0
  },
  "Horizontal Spacing" : 1,
  "Ansi 5 Color" : {
    "Red Component" : 0.62685638666152954,
    "Color Space" : "Calibrated",
    "Blue Component" : 0.45103743672370911,
    "Alpha Component" : 1,
    "Green Component" : 0.29604318737983704
  },
  "Rows" : 25,
  "Default Bookmark" : "No",
  "Cursor Guide Color" : {
    "Red Component" : 0.90061241388320923,
    "Color Space" : "Calibrated",
    "Blue Component" : 0.63873869180679321,
    "Alpha Component" : 1,
    "Green Component" : 0.82989895343780518
  },
  "Non-ASCII Anti Aliased" : true,
  "Use Bright Bold" : false,
  "Ansi 10 Color" : {
    "Red Component" : 0.3988109827041626,
    "Color Space" : "Calibrated",
    "Blue Component" : 0.052511699497699738,
    "Alpha Component" : 1,
    "Green Component" : 0.3858717679977417
  },
  "Ambiguous Double Width" : false,
  "Jobs to Ignore" : [
    "rlogin",
    "ssh",
    "slogin",
    "telnet"
  ],
  "Faint Text Alpha" : 0.39755306603773582,
  "Ansi 15 Color" : {
    "Red Component" : 0.17867125570774078,
    "Color Space" : "Calibrated",
    "Blue Component" : 0.15993706881999969,
    "Alpha Component" : 1,
    "Green Component" : 0.16613791882991791
  },
  "Foreground Color" : {
    "Red Component" : 0.17867125570774078,
    "Color Space" : "Calibrated",
    "Blue Component" : 0.15993706881999969,
    "Alpha Component" : 1,
    "Green Component" : 0.16613791882991791
  },
  "Working Directory" : "\/Users\/ygao",
  "Blinking Cursor" : false,
  "Disable Window Resizing" : true,
  "Sync Title" : false,
  "Prompt Before Closing 2" : false,
  "BM Growl" : true,
  "Command" : "",
  "Description" : "Default",
  "Mouse Reporting" : true,
  "Screen" : -1,
  "Selection Color" : {
    "Red Component" : 0.17867125570774078,
    "Color Space" : "Calibrated",
    "Blue Component" : 0.15993706881999969,
    "Alpha Component" : 1,
    "Green Component" : 0.16613791882991791
  },
  "Initial Use Transparency" : true,
  "Only The Default BG Color Uses Transparency" : false,
  "Columns" : 80,
  "Idle Code" : 0,
  "Ansi 13 Color" : {
    "Red Component" : 0.48193711042404175,
    "Color Space" : "Calibrated",
    "Blue Component" : 0.36767596006393433,
    "Alpha Component" : 1,
    "Green Component" : 0.170136958360672
  },
  "Custom Command" : "No",
  "ASCII Anti Aliased" : true,
  "Non Ascii Font" : "Monaco 12",
  "Vertical Spacing" : 1,
  "Use Bold Font" : true,
  "Option Key Sends" : 0,
  "Selected Text Color" : {
    "Red Component" : 0.68568128347396851,
    "Color Space" : "Calibrated",
    "Blue Component" : 0.50497335195541382,
    "Alpha Component" : 1,
    "Green Component" : 0.62249547243118286
  },
  "Background Color" : {
    "Red Component" : 0.97939503192901611,
    "Color Space" : "Calibrated",
    "Blue Component" : 0.73338055610656738,
    "Alpha Component" : 1,
    "Green Component" : 0.93639552593231201
  },
  "Character Encoding" : 4,
  "Ansi 11 Color" : {
    "Red Component" : 0.64596939086914062,
    "Color Space" : "Calibrated",
    "Blue Component" : 0.068556100130081177,
    "Alpha Component" : 1,
    "Green Component" : 0.38748690485954285
  },
  "Use Italic Font" : true,
  "Unlimited Scrollback" : false,
  "Keyboard Map" : {
    "0x66-0x80000-0x3" : {
      "Version" : 1,
      "Action" : 10,
      "Text" : "f",
      "Label" : ""
    },
    "0xf703-0x300000-0x7c" : {
      "Version" : 1,
      "Action" : 11,
      "Text" : "0x05",
      "Label" : ""
    },
    "0xf702-0x300000-0x7b" : {
      "Version" : 1,
      "Action" : 11,
      "Text" : "0x01",
      "Label" : ""
    },
    "0xf702-0x280000-0x7b" : {
      "Version" : 1,
      "Action" : 10,
      "Text" : "b",
      "Label" : ""
    }
  },
  "Window Type" : 0,
  "Blur Radius" : 0.10000000000000001,
  "Background Image Location" : "",
  "Blur" : true,
  "Badge Color" : {
    "Red Component" : 0.7928692102432251,
    "Color Space" : "Calibrated",
    "Blue Component" : 0.056549370288848877,
    "Alpha Component" : 0.5,
    "Green Component" : 0.28100395202636719
  },
  "Scrollback Lines" : 1000,
  "Send Code When Idle" : false,
  "Close Sessions On End" : true,
  "Terminal Type" : "xterm-256color",
  "Visual Bell" : true,
  "Flashing Bell" : false,
  "Silence Bell" : true,
  "Ansi 14 Color" : {
    "Red Component" : 0.2062048614025116,
    "Color Space" : "Calibrated",
    "Blue Component" : 0.27463468909263611,
    "Alpha Component" : 1,
    "Green Component" : 0.41390609741210938
  },
  "Name" : "Default",
  "Cursor Text Color" : {
    "Red Component" : 0.97939503192901611,
    "Color Space" : "Calibrated",
    "Blue Component" : 0.73338055610656738,
    "Alpha Component" : 1,
    "Green Component" : 0.93639552593231201
  },
  "Minimum Contrast" : 0.059220224056603772,
  "Shortcut" : "",
  "Match Background Color" : {
    "Red Component" : 1,
    "Color Space" : "P3",
    "Blue Component" : 0,
    "Alpha Component" : 1,
    "Green Component" : 1
  },
  "Cursor Color" : {
    "Red Component" : 0.17867125570774078,
    "Color Space" : "Calibrated",
    "Blue Component" : 0.15993706881999969,
    "Alpha Component" : 1,
    "Green Component" : 0.16613791882991791
  },
  "Ansi 0 Color" : {
    "Red Component" : 0.97939503192901611,
    "Color Space" : "Calibrated",
    "Blue Component" : 0.73338055610656738,
    "Alpha Component" : 1,
    "Green Component" : 0.93639552593231201
  },
  "Ansi 1 Color" : {
    "Red Component" : 0.74529051780700684,
    "Color Space" : "Calibrated",
    "Blue Component" : 0.090684391558170319,
    "Alpha Component" : 1,
    "Green Component" : 0.05879192054271698
  },
  "Ansi 2 Color" : {
    "Red Component" : 0.52591603994369507,
    "Color Space" : "Calibrated",
    "Blue Component" : 0.082894742488861084,
    "Alpha Component" : 1,
    "Green Component" : 0.53061914443969727
  },
  "Ansi 3 Color" : {
    "Red Component" : 0.80126690864562988,
    "Color Space" : "Calibrated",
    "Blue Component" : 0.10328958928585052,
    "Alpha Component" : 1,
    "Green Component" : 0.53254079818725586
  },
  "Transparency" : 0.04838169642857143,
  "Guid" : "0991375C-AD7A-4585-9789-620CC915D87B",
  "Use Non-ASCII Font" : false,
  "Custom Directory" : "Recycle",
  "Normal Font" : "JetBrainsMono-Medium 12",
  "Link Color" : {
    "Red Component" : 0.7928692102432251,
    "Color Space" : "Calibrated",
    "Blue Component" : 0.056549370288848877,
    "Alpha Component" : 1,
    "Green Component" : 0.28100395202636719
  },
  "Ansi 4 Color" : {
    "Red Component" : 0.21694663166999817,
    "Color Space" : "Calibrated",
    "Blue Component" : 0.4586675763130188,
    "Alpha Component" : 1,
    "Green Component" : 0.45008346438407898
  },
  "Right Option Key Sends" : 0
}